{"cameraMode":{"drawMode":0,"name":"Shaded","section":"Shading Mode"},"sceneLighting":true,"audioPlay":false,"sceneViewState":{"m_AlwaysRefresh":false,"showFog":true,"showSkybox":true,"showFlares":true,"showImageEffects":true,"showParticleSystems":true,"showVisualEffectGraphs":true,"m_FxEnabled":true},"in2DMode":false,"pivot":{"x":639.3352661132813,"y":158.24737548828126,"z":-116.29429626464844},"rotation":{"x":-0.7540695071220398,"y":-0.009640823118388653,"z":0.010941993445158005,"w":-0.6566953659057617},"size":561.9174194335938,"orthographic":true}