{"cameraMode":{"drawMode":0,"name":"Shaded","section":"Shading Mode"},"sceneLighting":true,"audioPlay":false,"sceneViewState":{"m_AlwaysRefresh":false,"showFog":true,"showSkybox":true,"showFlares":true,"showImageEffects":true,"showParticleSystems":true,"showVisualEffectGraphs":true,"m_FxEnabled":true},"in2DMode":false,"pivot":{"x":-4.097764015197754,"y":193.64614868164063,"z":-5.604255676269531},"rotation":{"x":-0.7266319990158081,"y":0.019797485321760179,"z":-0.021074043586850168,"w":-0.686476469039917},"size":180.23629760742188,"orthographic":true}