{"cameraMode":{"drawMode":0,"name":"Shaded","section":"Shading Mode"},"sceneLighting":true,"audioPlay":false,"sceneViewState":{"m_AlwaysRefresh":false,"showFog":true,"showSkybox":true,"showFlares":true,"showImageEffects":true,"showParticleSystems":true,"showVisualEffectGraphs":true,"m_FxEnabled":true},"in2DMode":false,"pivot":{"x":349.2685241699219,"y":125.70349884033203,"z":97.89244842529297},"rotation":{"x":-0.4559139609336853,"y":-0.0027455613017082216,"z":0.0014244220219552518,"w":-0.8900285959243774},"size":188.47767639160157,"orthographic":true}